{
  "versoes": [
    {
      "versao": 18,
      "cid": "QmbFMke1KXqnYyBBWxB74N4c5SBnJMVAiMNRcGu6x1AwQH",
      "embedding": [
        -0.11883839219808578,
        0.04829870164394379,
        -0.002548039657995105,
        -0.011011158116161823,
        0.051950667053461075,
        0.010291770100593567,
        0.11543326079845428,
        0.0007008458487689495,
        -0.08592539280653,
        -0.07065404206514359,
        0.0013317576376721263,
        -0.03547235205769539,
        0.01843414641916752,
        -0.006737209856510162,
        0.02440299093723297,
        -0.029503243044018745,
        -0.058138418942689896,
        -0.050439588725566864,
        -0.020765509456396103,
        0.029036005958914757,
        -0.06367598474025726,
        0.024029897525906563,
        0.026243245229125023,
        -0.006037366110831499,
        -0.01107654720544815,
        -0.001400704961270094,
        -0.018619803711771965,
        0.03277010843157768,
        0.002886062953621149,
        -0.056943897157907486,
        -0.04394165799021721,
        0.025414086878299713,
        0.08790945261716843,
        -0.02499121055006981,
        -0.03668320178985596,
        0.006241300608962774,
        -0.06646790355443954,
        -0.06714445352554321,
        0.020564230158925056,
        0.04238879308104515,
        0.021880241110920906,
        -0.04288247972726822,
        -0.03437699377536774,
        0.06146685779094696,
        0.06563729792833328,
        -0.078520268201828,
        0.02948700077831745,
        0.010798352770507336,
        0.06332410871982574,
        -0.04508467763662338,
        -0.01823396421968937,
        -0.027721071615815163,
        -0.0036737534683197737,
        -0.03659452870488167,
        0.05425019562244415,
        -0.02085655741393566,
        0.015034832991659641,
        -0.06009519472718239,
        0.016393885016441345,
        -0.03323858603835106,
        0.017503535374999046,
        -0.0005951644852757454,
        -0.16348379850387573,
        0.08492093533277512,
        -0.0758383646607399,
        0.01610969752073288,
        0.0483829528093338,
        -0.007598168682307005,
        -0.0249854177236557,
        0.05949746072292328,
        0.06589007377624512,
        -0.03513745963573456,
        0.0008843290852382779,
        -0.11567971855401993,
        0.049390338361263275,
        0.03360459581017494,
        0.05515420064330101,
        0.02638368494808674,
        0.05369442701339722,
        0.038932424038648605,
        0.00043940613977611065,
        0.018060501664876938,
        -0.09288255125284195,
        -0.004073982127010822,
        -0.0008235287969000638,
        -0.04883105680346489,
        -0.006677422672510147,
        -0.023541731759905815,
        -0.03813304007053375,
        0.052451614290475845,
        -0.04249383881688118,
        -0.05589975416660309,
        0.08681582659482956,
        -0.04896174743771553,
        -0.08339672535657883,
        -0.04576351121068001,
        0.02904222160577774,
        0.034657787531614304,
        -0.08649183809757233,
        0.4062185287475586,
        0.035949502140283585,
        0.01869712956249714,
        0.09797841310501099,
        -0.00786524172872305,
        0.023714084178209305,
        -0.05756506696343422,
        -0.06109986454248428,
        -0.006620494183152914,
        0.00706003000959754,
        0.021669818088412285,
        -0.024405092000961304,
        -0.03351464122533798,
        0.00025014980928972363,
        0.03170762211084366,
        0.04407161846756935,
        0.09463239461183548,
        -0.035580046474933624,
        -0.00453430600464344,
        0.043714866042137146,
        0.00020500962273217738,
        -0.0028587300330400467,
        -0.02488405629992485,
        0.003760687541216612,
        0.014041295275092125,
        0.07781580835580826,
        -0.13231444358825684,
        0.006876468192785978,
        -7.220123605672562e-33,
        0.007334610912948847,
        0.002726202830672264,
        0.012147573754191399,
        -0.0024402779527008533,
        0.02793254517018795,
        0.039270658046007156,
        0.003743936773389578,
        -0.046435337513685226,
        -0.014492519199848175,
        0.053601980209350586,
        0.006590606179088354,
        0.03664795309305191,
        -0.023135660216212273,
        0.032753732055425644,
        0.07811085134744644,
        0.009627497754991055,
        0.007964163087308407,
        0.002874291967600584,
        -0.0018807133892551064,
        0.004691612906754017,
        -0.012402251362800598,
        -0.0008042114786803722,
        -0.02303869090974331,
        0.042972929775714874,
        -0.0282600000500679,
        -0.06694648414850235,
        0.038539059460163116,
        -0.07085718959569931,
        0.02010931819677353,
        0.0014603168237954378,
        0.0014639399014413357,
        0.049912311136722565,
        -0.025945626199245453,
        0.0008223395561799407,
        -0.03757274150848389,
        -0.028740622103214264,
        0.03337514027953148,
        -0.07462827116250992,
        -0.03598394989967346,
        0.025680815801024437,
        -0.050139136612415314,
        0.01083720475435257,
        -0.04243792966008186,
        -0.002668531844392419,
        -0.0049162632785737514,
        0.1664792150259018,
        -0.0011541290441527963,
        -0.004960690159350634,
        -0.06482218205928802,
        0.06976215541362762,
        -0.002818248700350523,
        -0.021325211971998215,
        -0.11613696813583374,
        0.04333871603012085,
        -0.003350989893078804,
        -0.02010658010840416,
        0.016553988680243492,
        -0.04397114738821983,
        0.02061946503818035,
        -0.009090016596019268,
        0.009713651612401009,
        0.039391472935676575,
        -0.012487727217376232,
        0.00935022160410881,
        -0.08647791296243668,
        -0.048517681658267975,
        0.024477805942296982,
        -0.008495003916323185,
        0.02306363731622696,
        -0.012638229876756668,
        -0.05100999027490616,
        0.03675995394587517,
        0.037717413157224655,
        0.03091610223054886,
        -0.028798488900065422,
        -0.019268780946731567,
        -0.019831694662570953,
        0.035835132002830505,
        0.08063049614429474,
        0.0064973668195307255,
        0.035455308854579926,
        -0.041958920657634735,
        0.006693812552839518,
        -0.02407882735133171,
        0.09502368420362473,
        0.05463504046201706,
        0.004221060313284397,
        -0.05180726200342178,
        0.010215197689831257,
        -0.04109860211610794,
        -0.035745542496442795,
        0.06131817027926445,
        -0.003094448009505868,
        0.08796164393424988,
        0.00600082240998745,
        4.492563819374129e-33,
        -0.0771673321723938,
        0.018993156030774117,
        -0.03573818504810333,
        0.08879784494638443,
        -0.01755509153008461,
        -0.0027626596856862307,
        0.03727397322654724,
        0.09013674408197403,
        -0.09250442683696747,
        0.06802994012832642,
        0.022390207275748253,
        -0.04508967325091362,
        0.030878884717822075,
        0.04449518769979477,
        -0.005799605045467615,
        0.03523356467485428,
        0.06968849152326584,
        -0.004063441883772612,
        -0.028155146166682243,
        -0.03572932630777359,
        -0.03050718829035759,
        -0.03237847238779068,
        -0.0024998500011861324,
        0.03492945060133934,
        -0.041480667889118195,
        0.03020523674786091,
        0.04858905449509621,
        0.06329876184463501,
        -0.021693091839551926,
        0.03680047020316124,
        0.038965702056884766,
        -0.023581471294164658,
        -0.050632648169994354,
        -0.058202967047691345,
        0.048262517899274826,
        0.08404392749071121,
        0.03678112104535103,
        -0.0007769051590003073,
