{
  "versoes": [
    {
      "versao": 19,
      "cid": "QmahzwkNBs4GR2PZo1rDQ3WR53GkB1kzSzygSQMGZhXcbp",
      "embedding": [
        -0.08830084651708603,
        0.03162055090069771,
        -0.0031118798069655895,
        0.05328473448753357,
        -0.10188755393028259,
        -0.07200827449560165,
        0.13755613565444946,
        -0.03967953100800514,
        0.05061400309205055,
        -0.01340507622808218,
        0.04643328860402107,
        -0.10971655696630478,
        0.016903677955269814,
        0.03631947189569473,
        0.03143906965851784,
        0.05676540732383728,
        0.019369646906852722,
        -0.012485280632972717,
        -0.07553429901599884,
        -0.004516380373388529,
        0.04915642365813255,
        -0.02124600298702717,
        0.003427334362640977,
        0.07483494281768799,
        -0.02819753810763359,
        0.03411746770143509,
        -0.0038404525257647038,
        0.06282926350831985,
        0.03715378791093826,
        -0.09907177835702896,
        0.004938004072755575,
        0.09526535123586655,
        0.08954579383134842,
        -0.007616608403623104,
        -0.022030627354979515,
        -0.007904999889433384,
        -0.03422362729907036,
        -0.026698710396885872,
        0.011422635056078434,
        0.008665117435157299,
        -0.03340941667556763,
        0.002568785799667239,
        -0.0017631317023187876,
        -0.043832454830408096,
        -0.023446490988135338,
        -0.08882597833871841,
        0.05053497850894928,
        -0.005848846863955259,
        0.041149865835905075,
        0.04457267001271248,
        -0.11623979359865189,
        -0.004908709321171045,
        -0.006529760546982288,
        -0.006289958022534847,
        0.05941712483763695,
        -0.0745864063501358,
        -0.045969728380441666,
        -0.04858645051717758,
        0.05336307734251022,
        0.008056407794356346,
        -0.02682323008775711,
        -0.0016672711353749037,
        -0.05174951255321503,
        0.07908733934164047,
        -0.057841092348098755,
        -0.06196000054478645,
        -0.024370888248085976,
        -0.02032514661550522,
        -0.06620166450738907,
        -0.05105575546622276,
        0.010911858640611172,
        -0.06606252491474152,
        0.049234844744205475,
        -0.03001674823462963,
        -0.02445833757519722,
        -0.00042491863132454455,
        0.10698340088129044,
        -0.03541925922036171,
        -0.006622637156397104,
        0.06800318509340286,
        -0.009646919555962086,
        -0.01037177536636591,
        -0.06507481634616852,
        -0.02596874162554741,
        0.04574056714773178,
        0.03946712985634804,
        -0.015430240891873837,
        0.004294670652598143,
        -0.00594130577519536,
        -0.05638507381081581,
        -0.04036324471235275,
        0.035766541957855225,
        0.029300089925527573,
        -0.020356593653559685,
        0.034823521971702576,
        0.0924786850810051,
        -0.043311312794685364,
        -0.08837685734033585,
        -0.055786505341529846,
        0.21590209007263184,
        -0.009854711592197418,
        0.03167468309402466,
        0.061111584305763245,
        -0.027165886014699936,
        -0.05727095156908035,
        -0.02157069742679596,
        0.03714809566736221,
        -0.0377950519323349,
        -0.055737439543008804,
        -0.00014854068285785615,
        -0.03021353669464588,
        0.009861163794994354,
        -0.07075201719999313,
        0.06754147261381149,
        0.023686040192842484,
        0.0364777147769928,
        0.045634787529706955,
        0.056480150669813156,
        0.029360536485910416,
        -0.04221558943390846,
        -0.021519288420677185,
        -0.03916095569729805,
        -0.04671654477715492,
        -0.039394523948431015,
        6.685702942377247e-07,
        -0.05058510974049568,
        -0.04205285385251045,
        -1.2383433501504512e-33,
        0.021186107769608498,
        -0.12994256615638733,
        -0.017248893156647682,
        0.061296746134757996,
        0.046125706285238266,
        -0.005528614856302738,
        0.02649238146841526,
        -0.025948889553546906,
        -0.12403298914432526,
        -0.02213979884982109,
        -0.034264449030160904,
        0.015117991715669632,
        -0.031622402369976044,
        -0.02690242975950241,
        0.017623737454414368,
        0.03745506331324577,
        0.06203074753284454,
        -0.018112050369381905,
        0.016329269856214523,
        -0.010784586891531944,
        0.014449126087129116,
        0.031958065927028656,
        0.04640298709273338,
        -0.03692188113927841,
        -0.02243329957127571,
        0.04070834442973137,
        0.00930291973054409,
        -0.08412830531597137,
        0.0223002377897501,
        0.04121597111225128,
        0.05270492658019066,
        0.003806701395660639,
        0.019064974039793015,
        -0.008642087690532207,
        -0.0611262209713459,
        -0.039287928491830826,
        -0.08958273380994797,
        0.006112724542617798,
        -0.0023591662757098675,
        0.0032309023663401604,
        -0.03551027551293373,
        0.01614939048886299,
        -0.00684796879068017,
        0.03510080277919769,
        -0.01111921202391386,
        0.05326329171657562,
        0.06086132302880287,
        0.0010301563888788223,
        0.03139142319560051,
        0.08716960996389389,
        -0.038005173206329346,
        -0.021471602842211723,
        -0.09052255749702454,
        -0.009667294099926949,
        -0.03874152526259422,
        -0.01705360785126686,
        0.022662905976176262,
        -0.008062051609158516,
        0.004324029665440321,
        0.010155979543924332,
        -0.034079134464263916,
        0.019428981468081474,
        -0.04763959348201752,
        -0.04396206885576248,
        -0.005702738184481859,
        -0.04757487773895264,
        -0.04184156283736229,
        0.02588466927409172,
        0.09450650215148926,
        0.01813531666994095,
        0.009514491073787212,
        -0.02025974728167057,
        -0.019235095009207726,
        0.06072064861655235,
        -0.002905861474573612,
        -0.07501286268234253,
        0.006618382874876261,
        0.02556600421667099,
        0.018964681774377823,
        0.05852228030562401,
        0.03685073181986809,
        0.06820563226938248,
        0.07461819797754288,
        0.12115451693534851,
        0.01213653851300478,
        0.02511098049581051,
        -0.024669267237186432,
        0.00970067922025919,
        -0.002816628199070692,
        -0.017049407586455345,
        -0.06397006660699844,
        0.011147122830152512,
        0.07886068522930145,
        -0.0015161656774580479,
        -0.035943254828453064,
        2.0865684105958018e-33,
        0.02607235684990883,
        -0.06698043644428253,
        0.07911273092031479,
        0.10341726988554001,
        0.014602522365748882,
        -0.04159210994839668,
        0.03097604401409626,
        0.011786739341914654,
        -0.001494379946961999,
        0.06961355358362198,
        0.012422597035765648,
        -0.07702798396348953,
        0.024554193019866943,
        -0.01717737317085266,
        0.03238827735185623,
        0.0657188817858696,
        0.13593345880508423,
        -0.004792995285242796,
        -0.08110532909631729,
        -0.02733123116195202,
        -0.03209581971168518,
        0.035831283777952194,
        0.014466444030404091,
        -0.07055404782295227,
        -0.00735269533470273,
        0.03333161026239395,
        0.05136105790734291,
        -0.0018784794956445694,
        -0.05653990060091019,
        -0.01853720284998417,
        -0.10718106478452682,
        -0.038898907601833344,
        -0.024265281856060028,
        -0.015439108945429325,
        -0.01904618926346302,
        -0.04787127673625946,
        0.05305702984333038,
        0.054027456790208817,
